2025-01-08,A-League,Sydney FC vs Perth Glory,Predictions,Sydney FC wins,1.232,-,-,now
2025-01-08,Thai League 1,Port Bangkok vs Lamphun Warriors,Predictions,Port Bangkok wins,1.488,-,-,now
2025-01-08,Super League,FC Goa vs Hyderabad FC,Predictions,FC Goa wins,1.345,-,-,now
2025-01-08,First Division,Ethnikos Achna vs AEK Larnaca,Predictions,AEK Larnaca wins,1.4,-,-,now
2025-01-08,Premier Soccer League,AmaZulu Durban vs Sekhukhune United,Predictions,AmaZulu Durban wins or draw,1.295,-,-,now
2024-12-24,Premier Soccer League,Orlando Pirates vs Marumo Gallants,Predictions,Orlando Pirates wins,1.248,8-1,1,old
2024-12-24,Premier League,ZED FC vs ENPPI Cairo,Predictions,ZED FC wins or draw,1.254,0-0,1,old
2024-12-09,Second PFL,Minyor Pernik vs Etar Veliko Tarnovo,Predictions,Minyor Pernik wins or draw,1.41,3-2,1,old
2024-12-09,Second PFL,Ludogorets Razgrad II vs CSKA 1948 Sofia II,Predictions,Any team to win,1.26,2-1,1,old
2024-12-09,Second PFL,Belasitsa Petrich vs Botev Plovdiv II,Predictions,Belasitsa Petrich wins,1.24,2-0,1,old
2024-12-09,TM Super League,Negeri Sembilan FC vs Selangor FC,Predictions,Selangor FC wins,1.185,0-4,1,old
2024-12-09,First PFL,Spartak Varna vs Slavia Sofia,Predictions,Spartak Varna wins or draw,1.328,1-3,0,old
2024-10-16,Premier League,Taiwan Steel vs AC Taipei,Predictions,Taiwan Steel wins,1.188,4-0,1,old
2024-10-16,Premier League,Astana vs Shakhtyor Karagandy,Predictions,Astana wins,1.143,3-0,1,old
2024-10-16,Premier League,Zrinjski Mostar vs Radnik Bijeljina,Predictions,Zrinjski Mostar wins,1.16,2-0,1,old
2024-10-15,Primera Division,Liverpool Montevideo vs Montevideo Wanderers,Predictions,Any team to win,1.3,1-1,0,old
2024-10-15,Premier League,Caernarfon Town vs Aberystwyth Town,Predictions,Caernarfon Town wins,1.278,1-4,0,old
2024-10-15,Premier League,The New Saints vs Flint Town United,Predictions,The New Saints wins,1.025,5-0,1,old
2024-10-15,Premier League,Bala Town vs Connah's Quay Nomads,Predictions,Bala Town wins or draw,1.36,0-0,1,old
2024-10-14,Liga Leumit,Maccabi Jaffa vs Hapoel Nir Ramat HaSharon,Predictions,Any team to win,1.24,2-4,1,old
2024-10-14,Liga Leumit,Hapoel Kfar Saba vs Hapoel Raanana,Predictions,Any team to win,1.283,2-2,0,old
2024-10-14,Liga Leumit,Bnei Yehuda vs Hapoel Rishon LeZion,Predictions,Bnei Yehuda wins,1.457,1-0,1,old
2024-10-14,Premier Division,Derry City vs Sligo Rovers,Predictions,Derry City wins,1.352,1-1,0,old
2024-10-14,Primera Nacional,Almirante Brown vs Atletico de Rafaela,Predictions,Almirante Brown wins or draw,1.388,1-2,0,old
2024-10-07,Second PFL,Ludogorets Razgrad II vs Montana,Predictions,Ludogorets Razgrad II wins or draw,1.25,1-2,0,old
2024-10-07,First League,Sokol Saratov vs Rotor Volgograd,Predictions,Any team to win,1.35,0-1,1,old
2024-10-07,1st Division,Hvidovre vs Kolding,Predictions,Hvidovre wins or draw,1.347,0-0,1,old
2024-10-07,Serie C,Crotone vs Avellino,Predictions,Crotone wins or draw,1.36,0-4,0,old
2024-10-07,League Two,Bradford vs Newport County,Predictions,Bradford wins,1.48,3-1,1,old
2024-10-06,National League,MFK Vyskov vs Sigma Olomouc B,Predictions,Any team to win,1.27,1-0,1,old
2024-10-06,National League,Sparta Prague B vs SK Prostejov,Predictions,Any team to win,1.212,5-2,1,old
2024-10-06,2. Liga,MSK Zilina B vs FK Humenne,Predictions,Any team to win,1.25,0-0,0,old
2024-10-06,2. Liga,STK 1914 Samorin vs Petrzalka Bratislava,Predictions,Any team to win,1.23,1-2,1,old
2024-10-06,Primera Division RFEF Group 2,Atletico Madrid B vs Ceuta,Predictions,Atletico Madrid B wins or draw,1.268,1-1,1,old
2024-10-05,J1 League,Kashiwa Reysol vs Yokohama F. Marinos,Predictions,Any team to win,1.232,1-0,1,old
2024-10-05,J1 League,Urawa Red Diamonds vs Cerezo Osaka,Predictions,Urawa Red Diamonds wins or draw,1.28,0-1,0,old
2024-10-05,K League 2,Busan I'Park vs Seoul E-Land,Predictions,Busan I'Park wins or draw,1.444,0-0,1,old
2024-10-05,K League 2,Gimpo FC vs Chungnam Asan,Predictions,Gimpo FC wins or draw,1.43,3-0,1,old
2024-10-05,J1 League,Gamba Osaka vs Consadole Sapporo,Predictions,Any team to win,1.257,2-1,1,old
2024-10-03,V.League 1,Hong Linh Ha Tinh vs Quang Nam,Predictions,Hong Linh Ha Tinh wins or draw,1.253,0-0,1,old
2024-10-03,V.League 1,SHB Da Nang vs Hoang Anh Gia Lai,Predictions,SHB Da Nang wins or draw,1.217,1-1,1,old
2024-10-03,Ligue Professionnelle 1,US Tataouine vs AS Gabes,Predictions,US Tataouine wins or draw,1.21,1-2,0,old
2024-10-03,Premier League,Ararat-Armenia vs Pyunik,Predictions,Any team to win,1.27,1-3,1,old
2024-10-03,Ligue Professionnelle 1,ES Metlaoui vs Esperance de Tunis,Predictions,Esperance de Tunis wins,1.472,1-1,0,old
2024-10-01,Serie C,Pro Patria vs Novara,Predictions,Pro Patria wins or draw,1.342,1-1,1,old
2024-10-01,Premier Liga,Dinamo Batumi vs Samtredia,Predictions,Dinamo Batumi wins,1.307,1-2,0,old
2024-10-01,Championnat National,JS Kabylie vs MC Alger,Predictions,JS Kabylie wins or draw,1.41,1-2,0,old
2024-09-25,J2 League,Ventforet Kofu vs Roasso Kumamoto,Predictions,Ventforet Kofu wins or draw,1.42,2-4,0,old
2024-09-25,K League 2,Gyeongnam FC vs Gimpo FC,Predictions,Any team to win,1.29,1-1,0,old
2024-09-25,K League 2,Bucheon FC 1995 vs Seongnam FC,Predictions,Bucheon FC 1995 wins or draw,1.207,3-0,1,old
2024-09-25,Super League,Pakhtakor Tashkent vs Olympic Tashkent,Predictions,Pakhtakor Tashkent wins,1.423,6-0,1,old
2024-09-25,Premier League,Naftan Novopolotsk vs Neman Grodno,Predictions,Neman Grodno wins,1.277,0-0,0,old
2024-09-23,Liga 1,Persib Bandung vs Persija Jakarta,Predictions,Any team to win,1.268,2-0,1,old
2024-09-23,Liga 1,Persis Solo vs Persik Kediri,Predictions,Any team to win,1.258,0-1,1,old
2024-09-23,Super League 2,Diagoras Rodos vs Makedonikos,Predictions,Diagoras Rodos wins or draw,1.445,0-0,1,old
2024-09-23,Premier League,Ararat vs Van,Predictions,Any team to win,1.275,0-3,1,old
2024-09-23,Super League,Nasaf Qarshi vs AGMK Olmaliq,Predictions,Nasaf Qarshi wins or draw,1.213,2-0,1,old
2024-09-20,Liga 1,PSS Sleman vs Arema Malang,Predictions,Any team to win,1.28,3-1,1,old
2024-09-20,Second PFL,Spartak Pleven vs Montana,Predictions,Any team to win,1.3,2-1,1,old
2024-09-20,Premier League,Albirex Niigata SIN vs Tanjong Pagar,Predictions,Albirex Niigata SIN wins,1.318,4-1,1,old
2024-09-20,Super League,Lokomotiv Tashkent vs Navbahor Namangan,Predictions,Lokomotiv Tashkent wins or draw,1.345,0-1,0,old
2024-09-20,First League,FC Ufa vs Chayka Peschanokopskoye,Predictions,FC Ufa wins or draw,1.29,0-1,0,old
2024-09-19,Premier League,Ararat-Armenia vs Shirak,Predictions,Ararat-Armenia wins,1.242,4-0,1,old
2024-09-19,Super League,Bengaluru FC vs Hyderabad FC,Predictions,Bengaluru FC wins,1.283,3-0,1,old
2024-09-19,First PFL,Lokomotiv Plovdiv vs CSKA 1948 Sofia,Predictions,Lokomotiv Plovdiv wins or draw,1.388,0-2,0,old
2024-09-19,Liga Leumit,Hapoel Raanana vs Kafr Qasim,Predictions,Any team to win,1.303,1-2,1,old
2024-09-19,Liga Leumit,Hapoel Afula vs Hapoel Ramat Gan,Predictions,Any team to win,1.253,0-4,1,old
2024-09-18,Liga MX,Pachuca vs Deportivo Toluca,Predictions,Any team to win,1.27,2-2,0,old
2024-09-18,Liga 1,Semen Padang vs PS Barito Putera,Predictions,Any team to win,1.3,1-2,1,old
2024-09-18,Liga 1,Persik Kediri vs Persita Tangerang,Predictions,Persik Kediri wins or draw,1.2,1-0,1,old
2024-09-18,J1 League,Nagoya Grampus vs Albirex Niigata,Predictions,Nagoya Grampus wins or draw,1.358,3-0,1,old
2024-09-18,Liga 1,Persebaya Surabaya vs Persis Solo,Predictions,Persebaya Surabaya wins or draw,1.207,2-1,1,old
2024-09-16,Liga 1,Bali United vs PSS Sleman,Predictions,Bali United wins,1.482,0-0,0,old
2024-09-16,Super League,Olympic Tashkent vs Metallurg Bekabad,Predictions,Olympic Tashkent wins or draw,1.307,1-1,1,old
2024-09-16,Liga 1,Persija Jakarta vs Dewa United,Predictions,Persija Jakarta wins or draw,1.262,0-0,1,old
2024-09-16,First League,Arsenal Tula vs Ural Sverdlovskaya Oblast,Predictions,Any team to win,1.355,1-0,1,old
2024-09-16,Superliga,Laci vs Partizani Tirana,Predictions,Any team to win,1.3,1-1,0,old
2024-09-13,J1 League,Kawasaki Frontale vs Sagan Tosu,Predictions,Kawasaki Frontale wins,1.43,3-2,1,old
2024-09-13,K League 1,Gwangju FC vs Pohang Steelers,Predictions,Any team to win,1.308,2-1,1,old
2024-09-13,Premier League,Brunei DPMM FC vs Balestier Khalsa,Predictions,Balestier Khalsa wins,1.483,2-2,0,old
2024-09-13,Liga 1,Persis Solo vs Madura United,Predictions,Any team to win,1.29,4-0,1,old
2024-09-13,TM Super League,Johor Darul Takzim vs Penang FC,Predictions,Johor Darul Takzim wins,1.028,5-0,1,old
2024-09-12,First League,Metalurg Zaporozhye vs Metalist 1925 Kharkiv,Predictions,Metalist 1925 Kharkiv wins,1.475,1-2,1,old
2024-09-12,Premier League,Dinamo Minsk vs FC Gomel,Predictions,Dinamo Minsk wins,1.323,2-0,1,old
2024-09-12,Liga Leumit,Maccabi Jaffa vs Hapoel Afula,Predictions,Any team to win,1.267,2-2,0,old
2024-09-12,Liga Leumit,Kafr Qasim vs Hapoel Nir Ramat HaSharon,Predictions,Any team to win,1.243,2-0,1,old
2024-09-12,Liga Leumit,Maccabi Herzliya vs Hapoel Rishon LeZion,Predictions,Maccabi Herzliya wins or draw,1.427,2-5,0,old
2024-09-10,First League,SKA-Khabarovsk vs Chayka Peschanokopskoye,Predictions,SKA-Khabarovsk wins or draw,1.36,1-0,1,old
2024-09-10,2. Liga,Petrzalka Bratislava vs FK Humenne,Predictions,Petrzalka Bratislava wins or draw,1.237,2-1,1,old
2024-09-10,National League,Dagenham and Redbridge vs Sutton United,Predictions,Any team to win,1.3,3-0,1,old
2024-09-10,National League,Yeovil vs Solihull Moors,Predictions,Yeovil wins or draw,1.31,0-1,0,old
2024-09-10,National League,Woking vs Wealdstone,Predictions,Any team to win,1.292,1-0,1,old
2024-09-09,First League,Torpedo Moskva vs Arsenal Tula,Predictions,Torpedo Moskva wins or draw,1.3,2-2,1,old
2024-09-09,Liga Leumit,Hapoel Raanana vs Hapoel Umm al-Fahm,Predictions,Any team to win,1.283,2-1,1,old
2024-09-09,Liga Leumit,Bnei Yehuda vs Maccabi Herzliya,Predictions,Bnei Yehuda wins,1.4,3-1,1,old
2024-09-09,Division 1,Vasalunds IF vs Hammarby Talang FF,Predictions,Any team to win,1.29,3-0,1,old
2024-09-09,Segunda Division,Albacete vs Eibar,Predictions,Any team to win,1.327,0-1,1,old
2024-09-08,Major League Soccer,Vancouver Whitecaps vs FC Dallas,Predictions,Vancouver Whitecaps wins or draw,1.292,0-0,1,old
2024-09-08,Liga de Expansion MX,Dorados de Sinaloa vs Correcaminos UAT,Predictions,Any team to win,1.272,3-1,1,old
2024-09-08,J2 League,Fagiano Okayama vs Blaublitz Akita,Predictions,Fagiano Okayama wins or draw,1.212,0-1,0,old
2024-09-08,2. Division,Flekkeroy IL vs Brattvag IL,Predictions,Any team to win,1.207,2-0,1,old
2024-09-08,2. Division,Vard Haugesund vs Hodd,Predictions,Hodd wins,1.428,2-0,0,old
2024-09-05,Liga Leumit,Hapoel Nof HaGalil vs Hapoel Kfar Shalem,Predictions,Hapoel Nof HaGalil wins or draw,1.293,1-3,0,old
2024-09-05,Liga Leumit,Hapoel Rishon LeZion vs Hapoel Acre,Predictions,Hapoel Rishon LeZion wins or draw,1.23,0-1,0,old
2024-09-05,Liga Leumit,Hapoel Afula vs Hapoel Kfar Saba,Predictions,Hapoel Afula wins or draw,1.323,1-1,1,old
2024-09-05,Premier Division,Dundalk vs St Patrick's Athletic,Predictions,Any team to win,1.32,1-2,1,old
2024-09-04,Primera Division,Caracas FC vs Academia Puerto Cabello,Predictions,Caracas FC wins or draw,1.317,0-0,1,old
2024-09-03,Primera Nacional,Estudiantes Buenos Aires vs Agropecuario Argentino,Predictions,Estudiantes Buenos Aires wins or draw,1.24,1-0,1,old
2024-09-03,Primera Division,Sportivo Trinidense vs Sol de America,Predictions,Any team to win,1.31,1-0,1,old
2024-09-03,Categoria Primera A,Deportivo Cali vs Deportivo Pasto,Predictions,Deportivo Cali wins or draw,1.272,0-2,0,old
2024-09-03,Primera Division,Deportivo La Guaira vs Universidad Central,Predictions,Deportivo La Guaira wins or draw,1.297,2-0,1,old
2024-09-03,Premier League,The New Saints vs Aberystwyth Town,Predictions,The New Saints wins,1.018,2-0,1,old
2024-09-01,K League 1,Gangwon FC vs Suwon FC,Predictions,Any team to win,1.29,2-2,0,old
2024-09-01,K League 1,Jeonbuk Hyundai Motors vs FC Seoul,Predictions,Any team to win,1.303,0-0,0,old
2024-09-01,K League 2,Busan I'Park vs Seongnam FC,Predictions,Busan I'Park wins or draw,1.218,3-1,1,old
2024-09-01,K League 2,Chungnam Asan vs Gyeongnam FC,Predictions,Chungnam Asan wins or draw,1.308,3-0,1,old
2024-09-01,K League 2,Gimpo FC vs Jeonnam Dragons,Predictions,Gimpo FC wins or draw,1.488,4-3,1,old
2024-08-31,Serie A,Universidad Catolica Quito vs Mushuc Runa,Predictions,Universidad Catolica Quito wins,1.488,5-1,1,old
2024-08-31,Primera Nacional,Atletico de Rafaela vs Chaco For Ever,Predictions,Atletico de Rafaela wins or draw,1.28,0-1,0,old
2024-08-31,Primera Division,Sporting San Jose vs San Carlos,Predictions,Any team to win,1.29,2-3,1,old
2024-08-31,Liga MX,Atletico San Luis vs Atlas Guadalajara,Predictions,Any team to win,1.292,2-1,1,old
2024-08-31,Liga de Expansion MX,Tampico Madero vs Mineros de Zacatecas,Predictions,Any team to win,1.284,1-0,1,old
2024-08-29,Thai League 1,Khonkaen United vs Buriram United,Predictions,Buriram United wins,1.19,0-3,1,old
2024-08-29,Pro-League,Al-Jazira Abu Dhabi vs Al Urooba Club,Predictions,Al-Jazira Abu Dhabi wins,1.215,2-0,1,old
2024-08-29,Pro League,Mes Rafsanjan vs Aluminium Arak,Predictions,Mes Rafsanjan wins or draw,1.43,3-1,1,old
2024-08-29,Liga Leumit,Hapoel Acre vs Bnei Yehuda,Predictions,Bnei Yehuda wins,1.46,1-3,1,old
2024-08-29,Liga Leumit,Kafr Qasim vs Hapoel Rishon LeZion,Predictions,Kafr Qasim wins or draw,1.353,1-1,1,old
2024-08-28,Thai League 1,Muangthong United vs Ratchaburi FC,Predictions,Muangthong United wins or draw,1.23,2-0,1,old
2024-08-28,Thai League 1,BG Pathum United vs Chiangrai United FC,Predictions,BG Pathum United wins,1.327,2-0,1,old
2024-08-28,Primera Division,Valladolid vs Leganes,Predictions,Valladolid wins or draw,1.285,0-0,1,old
2024-08-28,Professional League,Al-Hilal Riyadh vs Damac,Predictions,Al-Hilal Riyadh wins,1.147,3-2,1,old
2024-08-27,Thai League 1,Port Bangkok vs Sukhothai FC,Predictions,Port Bangkok wins,1.165,4-1,1,old
2024-08-27,Second PFL,Pirin Blagoevgrad vs Etar Veliko Tarnovo,Predictions,Pirin Blagoevgrad wins or draw,1.2,4-1,1,old
9/9/23 1:30,Club Friendlies,SSV Ulm 1846 vs Schalke 04, .,Schalke wins,1.66,2-4,1,old
9/9/23 3:00,Denmark Championship 3rd Division,Frem vs Holstebro,.,Frem wins,1.63,0-0,0,old
9/9/23 3:30,Belgium Championship Women,White Star Woluwe(W) vs Genk (W),.,Genk(W) wins,1.36,0-4,1,old
9/9/23 3:45,UEFA European Championship 2024,Cyprus vs Scotland,Scotland will most probably create enough chances to score more than one against Cyprus.,Sctoland wins,1.34,0-3,1,old
8/9/23 3:45,UEFA European Championship 2024,Poland vs Faroe Islands,It seems to us that Faroe Islands will have a difficult task to break down a Poland side who will most probably create many chances to win well.,Poland wins & Total Over 2.5 Goals,1.6,2-0,0,old
8/9/23 3:45,UEFA European Championship 2024,Denmark vs San Marino,We‚Äôre of the view that Denmark will most probably dominate on the ball and be rewarded with decent chances.,San Marino AH(7),1.21,4-0,1,old
8/9/23 3:45,UEFA European Championship 2024,France vs Republic of Ireland,It looks to us like Ireland will need to play some great football to score against a France lineup who look likely to dominate.,France wins & Total Over 1.5 Goals,1.42,2-0,1,old
8/9/23 0:00,Denmark Landspokal,TMS Ringsted vs HB Koge,They always end this game with a win or draw but it cannot go beyond 2 goals to win each other.,Koge to score 1.5 Goals,1.143,1-3,1,old
6/9/23 3:45,England Southern Premier League South,Hanwell Town vs Chesham United,Chesham have won all their last five games and am expecting this form to continue against Hanwell who have only one win in their last five games.,Total Over 2 Goals,1.25,0-3,1,old
6/9/23 3:45,England National League North,Southport vs Scarborough,The visitors team looks more good in form here. But we're picking the home team to win this match by 1 goal margin.,Total Over 2 Goals,1.61,3-1,1,old
6/9/23 3:45,England National League South,St Albans City vs Dover Athletic,In this match we think the visiting team has a good chance of winning this match.,St Albans City wins,1.7,2-0,1,old
6/9/23 2:00,Norway Division 3 Group 1,Grorud II vs Gjellerasen,Both of the sides do score lot of goals and our prediction for the game is over 4.5 goals.,Total Over 4 Goals,1.58,1-3,1,old
5/9/23 0:00,Norway Division 3 Group 6,Follo vs Tromso II,Follo is club with best defensive record so far. Perhaps Tromsoe find difficult things to make goal today.,Follo wins & Total Over 2.5 Goals,1.28,8-0,1,old
5/9/23 2:00,Sweden Division 1,Trollhattan vs Ljungskile,Ljungskile concede 1.6 goals on average in 19 matches this season.,Trollhattan wins,1.36,1-1,0,old
5/9/23 1:00,Norway Division 2,Gjovik-Lyn vs Stromsgodset II,The hosts are not in their best shape at the monent but are somehwat decent at home. Here they face an away side who concede plenty of goals.,Gjovik-Lyn wins or Draw,1.22,2-0,1,old
4/9/23 23:00,Russian Championship League 1,Tyumen vs Arsenal Tula,we forecast a tightly contested game between Tyumen and Arsenal Tula.,Tyumen or Draw,1.3,1-2,0,old
4/9/23 0:30,English Premier League,Arsenal vs Manchester United,Our tip is for a 2-1 victory for Arsenal by the conclusion of the game.,Arsenal & Total Over 1.5 Goals,2.03,3-1,1,old
4/9/23 4:00,Spain La Liga,Osasuna vs Barcelona,We‚Äôre tipping both teams to score in a 1-2 winning score for Barcelona at the end of this one. It‚Äôs a very tough call.,Barcelona to score Over 1.5 Goals,1.62,1-2,1,old
4/9/23 0:30,Germany Bundesliga,Union Berlin vs RasenBallsport Leipzig,We‚Äôre thinking that Union Berlin will need things to go their way to break down this RB Leipzig lineup who we reckon will gain the upper hand.,RPZ or Draw,1.33,0-3,1,old
4/9/23 2:00,Portugal Primeira Liga,Porto vs Arouca,We‚Äôve got the feeling that Porto are likely to be able to create a decent number of chances and shots on target.,Porto wins,1.24,1-1,0,old
3/9/23 4:30,Portugal Primerira Liga,Benfica vs Victoria Guimaraes,We envisage that Benfica have it within them to convert a lot of goal-scoring opportunities.,Benfica & Over 1.5 Goals,1.41,4-0,1,old
3/9/23 3:15,Bulgaria First League,Beroe vs CSKA Sofia,A win for CSKA Sofia when the referee blows the final whistle. Let‚Äôs see what happens here.,CSKA Sofia Over 1 Goal,1.25,0-3,1,old
2/9/23 23:00,Czech Republic 3 Liga,Hodonin vs Karvina II,.,Hodonin Total Over 2 Goals,1.54,1-2,0,old
2/9/23 4:00,English Championship,Ipswich Town vs Cardiff City,We‚Äôre thinking that Ipswich Town are likely to be able to create a high number of chances and successful shots on target.,Ipswich Town wins,1.54,3-2,1,old
2/9/23 4:00,English Premier League,Luton Town vs West Ham United,We believe that Luton Town would be disappointed if they were not to put a goal past this West Ham United outfit.,West Ham United or Draws,1.22,1-2,1,old
2/9/23 2:00,Norway Division 3 Group 3,Viking II vs Stord IL,We are anticipating a close game with a 2-1 winning margin for Viking II by the time that the referee blows the final whistle.,Viking II and Over 1.5 Goals,1.22,4-0,1,old
2/9/23 3:45,Ireland Premier League,Drogheda United vs University College Dublin,Drogheda United can and should be able to create a good number of chances & successful shots on target.,Drogheda United and Over 1.5 Goals,1.39,3-0,1,old
2/9/23 3:45,Wales Premier League,The New Saints vs Aberystwyth Town,The The New Saints boss Anthony Limbrick has no fitness worries to speak of coming into this game owing to a fully injury-free squad to choose from.,Aberystwyth Town AH(6),1.19,6-0,1,old
1/9/23 3:00,UEFA Conference League,Fiorentina vs Rapid Wien,We are anticipating a close game with a 2-1 winning margin for Fiorentina by the time that the referee blows the final whistle.,Fiorentina wins & Over 1.5 Goals,1.35,2-0,1,old
1/9/23 1:00,UEFA Europa League,Sheriff Tiraspol vs Kl Klaksvik,We‚Äôre thinking that Sheriff Tiraspol have it within them to dominate possession and create several successful chances.,Sheriff Tiraspol wins,1.45,2-1,1,old
1/9/23 2:00,UEFA Conference League,Viktoria Plzen vs Tobol Kostanay,We‚Äôre inclined to think that Tobol will manage to score against this Viktoria Plze≈à outfit although that realistically won‚Äôt be enough to prevent defeat.,Viktoria Plzen wins and Over 1.5 Goals,1.38,3-0,1,old
1/9/23 3:30,UEFA Conference League,Eintracht Frankfurt vs Levski Sofia,We think that it‚Äôs going to be a very close game with a 2-1 victory for Eintracht Frankfurt by the time that the referee blows the final whistle. Expecting it to be very competitive.,Eintracht Frankfurt wins & Over 1.5 Goals,1.45,2-0,1,old
31/08/23 04:00,UEFA Champions League,Copenhagen vs Rakow Czestochowa,We‚Äôre going for a tight encounter finishing with a 2-1 advantage for FC Copenhagen at the end of this one. Definitely a tough call.,Copenhagen wins,1.63,1-1,0,old
31/08/23 03:45,England League Cup,Chelsea vs Wimbledon,Chelsea have it within them to be able to create a good number of chances & successful shots on target.We‚Äôre therefore anticipating a controlled 3-1 margin for Chelsea at the end of the match.,Chelsea wins and Total Goals Over 1.5,1.17,2-1,1,old
31/08/23 00:00,Iran Pro League,Foolad vs Persepolis,Foolad Khouzestan playing at home against Persepolis will be tough for the visitors. We reckon this game could finish all square. The visitors head here having seen two of their last four matches in all competitions end in draws.,Persepolis AH(0),1.17,0-2,1,old
31/08/23 04:00,England League Cup,Doncaster Rovers vs Everton,We think that Everton can score a couple of goals when they play Doncaster Rovers who could well find it tough to get a goal of their own.,Everton To Score 1.5 Goals,1.4,1-2,1,old
30/08/2023 04:00,UEFA Champions League,Galatasaray vs Molde,We reckon that it will be a close game with a 2-1 winning score for Galatasaray by the conclusion of the game. Definitely a tough call.,Galatassaray AH(0),1.19,2-1,1,old
29/08/2023 23:30,Saudi Professional League,Al-Ahli Jeddah vs Al-Ta'ee,Our selection here is for a close game with a 2-1 victory for Al-Ahli Saudi when all is said and done. It really should be an interesting one.,Al-Ahli Jeddah wins,1.17,2-0,1,old
30/08/2023 03:45,England League Cup,Wolves vs Blackpool,Wolverhampton Wanderers will most probably get the win and a possible clean sheet when they line up against Blackpool.,Wolves wins,1.35,5-0,1,old
30/08/2023 03:45,England League Cup,Fulham vs Tottenham Hotspur,Fulham will do well to see themselves scoring against this Tottenham Hotspur outfit who should score at least once to put them ahead.,Both Teams To Score,1.58,1-1,1,old
28/08/23 22:30,Wales Championship North,Holywell Town vs Mold Alexandra,Holywell town and Mold Alexandra Games involving today's hosts always see at least 1 first half goals and because they are the favourites here we expect them to score a couple before the break.,Holywell Town wins,1.23,3-0,1,old
28/08/23 23:00,England National League North,Darlington vs South Shields,Quakers are looking for their first home win when South Shields come to Blackwell Meadows or the first league game between the clubs for eleven years.,Total Over 2.5,1.9,2-2,1,old
29/08/23 03:45,Italy Serie A,Cagliari Calcio vs Inter Milan,We‚Äôre of the opinion that Cagliari are certainly able to find the back of the net against this Inter Milan side. But a single goal may not be as many as they will have scored against them.,Inter Milan wins,1.49,0-2,1,old
29/08/23 03:45,Romania Liga 1,UTA Arad vs FCSB,We believe that UTA Arad have it within them to get a goal against this Steaua Bucharest side. But a single goal probably shouldn‚Äôt be as many as they will have scored against them.,FCSB AH(0),1.21,2-1,0,old
28/08/2023 00:00,Austria Bundesliga,Rapid Wien vs WSG Tirol,WSG Swarovski Tirol should have enough to break down this Rapid Vienna side although it isn‚Äôt expected to be enough to prevent defeat.,Rapid Wien wins,1.51,1-1,0,old
28/08/2023 02:00,Cyprus First Division,AEL Limassol vs AEZ Zakakiou,We feel that AEL Limassol look set to create enough chances to score more than one when they come up against AEZ Zakakiou.,AEL Limassol wins,1.48,4-3,1,old
28/08/2023 03:15,Bulgaria A PFG,Ludogorets 1945 vs Beroe Stara Zagora,Ludogorets Razgrad have it within them to get a lot of shots on goal and make them count.,Ludogorets wins,1.13,5-0,1,old
27/08/23 20:30,France Ligue 1,Stade Rennais vs Le Havre,We‚Äôre of the view that Rennes will probably score a couple of goals when they come up against Havre AC who could well struggle to score themselves.,Stade Rennais or Draw,1.12,2-2,1,old
27/08/2023 02:00,Finland Kakkonen Division 2,TP-47 vs JBK Pietarsaari,TP 47 and JBK stay at bottom half table now. It means two teams perform not good. I don't think they can continue to score in every match. Maybe one team can keep clean sheet until end.,TP-47 wins,1.72,2-1,1,old
26/08/2023 23:00,England Premier League,Arsenal vs Fulham,Fulham‚Äôs squad has no injured players for now. The number of injured players in Arsenal‚Äôs squad is high. But fans hope that Arteta will know how to deal with this.,Arsenal wins,1.264,2-2,0,old
27/08/2023 02:00,England Premier League,Manchester United vs Nottingham Forest,Manchester United will try to improve after the loss in Matchweek 2 by welcoming Notthignam Forest. The Red Devils have not started the season as planned and are already under a lot of scrutiny.,Manchester United wins,1.72,3-2,1,old
26/08/2023 01:00,Czech Republic Liga 4,SFK Vrchovina vs Slovan Havickuv Brod,Both teams have played 2 games with each other. SFK Vrchovina won in 2 matches while Slovan Havl√≠ck≈Øv Brod managed to win in 0 meetings. And also there were matches where teams played on an equal footing so they have 0 games in a draw. So teams have a difference of 8-1 goals.,SFK Vrchovina wins,1.553,2-2,0,old
26/08/2023 03:00,England Premier League 2,Derby County U21 vs Tottenham Hotspur U21,Tottenham U21 is a way better side in our opinion. And we see away team as a strong favorite to get a victory here.,Tottenham Hotspur U21 wins,1.39,0-2,1,old
26/08/2023 03:10,Kuwait Premier League,Al Arabi Kuwait vs Al Salmiya,It‚Äôs looking like Umm Salal won‚Äôt find it easy at all to be getting goals against a Al-Arabi team who should own this match if all goes as we expect it to. We think that it‚Äôs going to be a convincing 3-0 winning scoreline for Al-Arabi after 90 minutes.,Total Over 2 Goals,1.26,3-2,1,old
26/08/2023 03:45,Ireland Division 1,Treaty United vs Kerry FC,We expect that Treaty United will in all likelihood convert a lot of goal-scoring opportunities while Kerry will not find it easy to score but we do think it‚Äôs quite likely that they will be scoring as well.,Treaty United AH(0),1.168,3-1,1,old
26/08/2023 23:00,Denmark SuperLiga,Copenhagen vs Silkeborg,The head to head match history shows the last match ended in three goals scored in a friendly match while the previous one before that also ended in three goals scored. Both matches were won by the home team. I expect the home team to win here again today.,Copenhagen wins,1.7,1-3,0,old
25/08/2023 02:00,Denmark 1st Division,Hobro vs AaB Fodbold,Aalborg BK can create a good amount of chances and successful shots on target. We can therefore see a decent 1-3 margin for Aalborg BK at the end of the match.,AaB Fodbold wins,1.62,1-2,1,old
25/08/2023 02:00,UEFA Conference League,Dynamo Kyiv vs Besiktas,Be≈üikta≈ü and Dynamo Kyiv might both not be able to do quite enough to get on the scoresheet here.That‚Äôs why we have predicted a very close game.,Both Team To Score,1.69,2-3,1,old
25/08/2023 03:00,Saudi Professional League,Al Riyadh SC vs Al Ittihad Jeddah,Away team look confident to dominate the game.,Al Ittihad Jeddah wins,1.178,0-4,1,old
25/08/2023 02:00,UEFA Conference League,Levski Sofia vs Eintracht Frankfurt,we feel that Eintracht Frankfurt have the ability to have the majority of the possession and should turn some of their chances into goals.,Total Over 1.5 Goals,1.22,1-1,1,old
24/08/2023 01:00 AM,Norway Division 1,IK Start vs Asane,√Ösane won‚Äôt find it easy at all to score against a Start team who seem set to win well here.,IK Start wins,1.63,1-0,1,old
24/08/2023 02:00 AM,Poland Championship Liga 3,Bron Radom vs Legia Warsaw II,Away team will dominate the game.,Warsaw II wins,1.61,1-1,0,old
24/08/2023 01:45,UEFA Conference League,Hibernian vs Aston Villa,We‚Äôve got the feeling that Aston Villa look set to create the chances to score more than once when they face Hibernian.,Aston Villa wins,1.24,0-5,1,old
24/08/2023 00:00,Czech Republic Cup,TJ Jiskra Orlici vs Viktoria Zizkov,Away team look confident to dominate the game.,Viktoria Zizkov wins,1.36,0-5,1,old
23/08/2023 12:30 AM,Finland Ykkonen Division 1,Jyvaskyla vs Ekenas,Away team will dominate the game.,Total Over 2.5 Goals,1.75,0-2,0,old
23/08/2023 03:45 AM,Svenska Cupen,Rosengard vs Helsingborgs,Away team will dominate the game.,Helsingborgs wins,1.45,0-3,1,old
23/08/2023 00:50 AM,Saudi Arabia Division 1,Al Safa vs Al-Batin,Tight game ahead.,Both Team To Score,2.03,0-1,0,old
23/08/2023 02:00 AM,Svenska Cupen,Sollentuna vs Gefle,Away team will dominate the game.,Gefle to win atleast one half,1.29,0-1,1,old
18.08.2023 03:00 AM,Sweden Division 2 Norrland,Skelleftea vs Storfors AIK,There will be over two or more goals.,Goals In Both Halves,1.31,4-0,1,old
18.08.2023 02:00 AM,UEFA Conference League,Gzira United vs Viktoria Plzen,-,Viktoria Plzen wins,1.31,0-2,1,old
19.08.2023 02:00 AM,Austria Regionalliga West,St. Johann Pongau vs Schwaz,It's going to be a tight match.,Both Team To Score,1.33,1-0,0,old
19.08.2023 03:45 AM,Belgium Jupiler League,Oud-Heverlee Leuven vs Royal Antwerp,Away team will dominate the game.,Antwerp AH(0),1.47,1-1,1,old
